Event,Date,Location,Athletes,Results
Tri Battle Royale,07/18/2021,"Allgäu, Germany",2,/en/results/537-tri-battle-royale/all/
Ironman 70.3 Staffordshire,07/18/2021,"Staffordshire, England, UK",957,/en/results/536-ironman-703-staffordshire/all/
Ironman 70.3 Musselman,07/11/2021,"Geneva, New York, USA",1137,/en/results/534-ironman-703-musselman/all/
Ironman 70.3 Ecuador,07/11/2021,"Manta, Manabi, Ecuador",841,/en/results/535-ironman-703-ecuador/all/
Ironman UK,07/04/2021,"Bolton, England",1276,/en/results/530-ironman-uk/all/
Ironman 70.3 Andorra,07/04/2021,Andorra,559,/en/results/531-ironman-703-andorra/all/
Ironman 70.3 Les Sables d'Olonne-Vendée,07/04/2021,"Vendėe, France",1797,/en/results/532-ironman-703-les-sables-dolonne-vendee/all/
Ironman Lanzarote,07/03/2021,"Lanzarote, Canary Islands, Spain",793,/en/results/529-ironman-lanzarote/all/
Ironman 70.3 Finland,07/03/2021,"Lahti, Finland",916,/en/results/533-ironman-703-finland/all/
Ironman 70.3 Elsinore,06/27/2021,"Elsinore, Denmark",1184,/en/results/525-ironman-703-elsinore/all/
Ironman 70.3 Steelhead,06/27/2021,"Benton Harbor, Michigan, USA",1668,/en/results/526-ironman-703-steelhead/all/
Ironman 70.3 Lubbock,06/27/2021,"Lubbock, Texas, USA",1182,/en/results/527-ironman-703-lubbock/all/
Ironman Coeur d'Alene,06/27/2021,"Coeur d'Alene, Idaho, USA",2108,/en/results/528-ironman-coeur-dalene/all/
Ironman 70.3 Des Moines,06/20/2021,"Des Moines, Iowa, USA",2512,/en/results/524-ironman-703-des-moines/all/
Ironman 70.3 Eagleman,06/13/2021,"Cambridge Maryland, USA",1617,/en/results/522-ironman-703-eagleman/all/
Ironman 70.3 Chattanooga,06/13/2021,"Chattanooga, Tennessee, USA",2130,/en/results/523-ironman-703-chattanooga/all/
Ironman 70.3 Virginia,06/06/2021,"Roanoke, Virginia, USA",1566,/en/results/518-ironman-703-virginia/all/
Ironman 70.3 Durban,06/06/2021,"Durban, South Africa",806,/en/results/519-ironman-703-durban/all/
Ironman 70.3 Cairns,06/06/2021,"Cairns, Queensland, Australia",1161,/en/results/520-ironman-703-cairns/all/
Ironman Cairns,06/06/2021,"Cairns, Queensland, Australia",1183,/en/results/521-ironman-cairns/all/
Ironman 70.3 Hawaii,06/05/2021,"Kohala Coast, Hawaii, USA",1202,/en/results/517-ironman-703-hawaii/all/
Ironman Tulsa,05/23/2021,"Tulsa, Oklahoma, USA",1906,/en/results/515-ironman-tulsa/all/
Ironman 70.3 Acapulco,05/23/2021,"Acapulco, Mexico",1033,/en/results/516-ironman-703-acapulco/all/
Ironman 70.3 Gulf Coast,05/15/2021,"Panama City Beach, Florida, USA",1397,/en/results/514-ironman-703-gulf-coast/all/
Ironman 70.3 Busselton,05/01/2021,"Busselton Western Australia, Australia",993,/en/results/512-ironman-703-busselton/all/
Ironman 70.3 St. George,05/01/2021,"St. George, Utah, USA",2803,/en/results/511-ironman-703-st-george/all/
Ironman 70.3 Kenting,04/25/2021,"Kenting, Taiwan",400,/en/results/513-ironman-703-kenting/all/
Ironman 70.3 Florida,04/18/2021,"Haines City, Florida, USA",1385,/en/results/510-ironman-703-florida/all/
Ironman 70.3 Texas,04/11/2021,"Galveston, Texas, USA",1888,/en/results/509-ironman-703-texas/all/
Ironman 70.3 Geelong,03/28/2021,"Geelong, Victoria, Australia",929,/en/results/508-ironman-703-geelong/all/
Ironman 70.3 New Zealand,03/27/2021,"Taupo, New Zealand",590,/en/results/506-ironman-703-new-zealand/all/
Ironman New Zealand,03/27/2021,"Taupo, New Zealand",537,/en/results/507-ironman-new-zealand/all/
Ironman 70.3 Dubai,03/12/2021,"Dubai, United Arab Emirates",1145,/en/results/504-ironman-703-dubai/all/
Challenge Miami,03/12/2021,"Miami, Florida, USA",71,/en/results/505-challenge-miami/all/
Challenge Daytona,12/06/2020,"Daytona Beach, Florida, USA",99,/en/results/502-challenge-daytona/all/
Ironman Cozumel,11/21/2020,"Cozumel, Mexico",854,/en/results/501-ironman-cozumel/all/
Ironman 70.3 Gulf Coast,11/07/2020,"Panama City Beach, Florida",355,/en/results/499-ironman-703-gulf-coast/all/
Ironman Florida,11/07/2020,"Panama City Beach, Florida",1230,/en/results/500-ironman-florida/all/
Ironman 70.3 Turkey,11/01/2020,"Belek, Turkey",822,/en/results/498-ironman-703-turkey/all/
Ironman 70.3 Japan,10/18/2020,"Centrair Tokoname, Japan",843,/en/results/494-ironman-703-japan/all/
Ironman 70.3 Busselton,10/17/2020,"Busselton, Western Australia, Australia",842,/en/results/495-ironman-703-busselton/all/
Ironman 70.3 Arizona,10/17/2020,"Tempe, Arizona, USA",692,/en/results/496-ironman-703-arizona/all/
Ironman Cairns,09/27/2020,"Cairns, Queensland, Australia",241,/en/results/491-ironman-cairns/all/
Ironman 70.3 Cairns,09/27/2020,"Cairns, Queensland, Australia",527,/en/results/492-ironman-703-cairns/all/
Ironman 70.3 Cozumel,09/27/2020,"Cozumel, Mexico",545,/en/results/493-ironman-703-cozumel/all/
Ironman 70.3 Sunshine Coast,09/13/2020,"Mooloolaba, Queensland, Australia",812,/en/results/490-ironman-703-sunshine-coast/all/
Ironman 70.3 Taiwan,09/13/2020,"Taitung, Taiwan",679,/en/results/497-ironman-703-taiwan/all/
Ironman 70.3 Gdynia,09/06/2020,"Gdynia, Poland",723,/en/results/488-ironman-703-gdynia/all/
Ironman 70.3 Les Sables d'Olonne-Vendée,09/06/2020,"Vendėe, France",1231,/en/results/489-ironman-703-les-sables-dolonne-vendee/all/
Ironman 70.3 Tallinn,09/05/2020,"Tallinn, Estonia",605,/en/results/486-ironman-703-tallinn/all/
Ironman Tallinn,09/05/2020,"Tallinn, Estonia",717,/en/results/487-ironman-tallinn/all/
Ironman 70.3 Campeche,03/15/2020,"Campeche, Mexico",624,/en/results/485-ironman-703-campeche/all/
Ironman 70.3 New Zealand,03/07/2020,"Taupo, New Zealand",909,/en/results/483-ironman-703-new-zealand/all/
Ironman New Zealand,03/07/2020,"Taupo, New Zealand",1233,/en/results/484-ironman-new-zealand/all/
Ironman 70.3 Bariloche,03/01/2020,"Bariloche, Argentina",691,/en/results/481-ironman-703-bariloche/all/
Ironman 70.3 Geelong,02/23/2020,"Geelong, Victoria, Australia",1405,/en/results/480-ironman-703-geelong/all/
Ironman 70.3 Bangsaen,02/23/2020,"Bangsaen, Thailand",1498,/en/results/482-ironman-703-bangsaen/all/
Ironman 70.3 Dubai,02/07/2020,"Dubai, United Arab Emirates",1964,/en/results/479-ironman-703-dubai/all/
Ironman 70.3 South Africa,01/26/2020,"Buffalo City, East London, South Africa",1326,/en/results/478-ironman-703-south-africa/all/
Ironman 70.3 Indian Wells - La Quinta,12/08/2019,"Indian Wells, California, USA",2368,/en/results/477-ironman-703-indian-wells-la-quinta/all/
Ironman 70.3 Taupo,12/07/2019,"Taupo, New Zealand",1340,/en/results/475-ironman-703-taupo/all/
Ironman 70.3 Bahrain,12/07/2019,"Bahrain, Middle East",1204,/en/results/476-ironman-703-bahrain/all/
Ironman 70.3 Western Australia,12/01/2019,"Busselton, Western Australia, Australia",849,/en/results/471-ironman-703-western-australia/all/
Ironman Western Australia,12/01/2019,"Busselton, Western Australia, Australia",1246,/en/results/472-ironman-western-australia/all/
Ironman 70.3 Cartagena,12/01/2019,"Cartagena, Colombia",1899,/en/results/473-ironman-703-cartagena/all/
Ironman Argentina,12/01/2019,"Mar del Plata, Argentina",634,/en/results/474-ironman-argentina/all/
Ironman Arizona,11/24/2019,"Tempe, Arizona, USA",2620,/en/results/468-ironman-arizona/all/
Ironman Cozumel,11/24/2019,"Cozumel, Mexico",1724,/en/results/469-ironman-cozumel/all/
Ironman 70.3 Western Sydney,11/24/2019,"Sydney, Australia",1410,/en/results/470-ironman-703-western-sydney/all/
Ironman 70.3 Xiamen,11/10/2019,"Xiamen, China",1187,/en/results/466-ironman-703-xiamen/all/
Ironman 70.3 São Paulo,11/10/2019,"São Paulo, Brasil",1349,/en/results/467-ironman-703-sao-paulo/all/
Ironman 70.3 Los Cabos,11/03/2019,"Los Cabos, Mexico",734,/en/results/463-ironman-703-los-cabos/all/
Ironman 70.3 Buenos Aires,11/03/2019,"Buenos Aires, Argentina",1150,/en/results/464-ironman-703-buenos-aires/all/
Ironman 70.3 Turkey,11/03/2019,"Belek, Turkey",1556,/en/results/465-ironman-703-turkey/all/
Ironman Florida,11/02/2019,"Panama City Beach, Florida, USA",2451,/en/results/462-ironman-florida/all/
Ironman 70.3 Waco,10/27/2019,"Waco, Texas, USA",2346,/en/results/459-ironman-703-waco/all/
Ironman 70.3 Marrakech,10/27/2019,"Marrakech, Morocco ",1765,/en/results/460-ironman-703-marrakech/all/
Ironman 70.3 Langkawi,10/26/2019,"Langkawi, Malaysia",951,/en/results/458-ironman-703-langkawi/all/
Ironman Malaysia,10/26/2019,"Langkawi, Malaysia",1172,/en/results/461-ironman-malaysia/all/
Ironman 70.3 Goa,10/20/2019,"Goa, India",762,/en/results/455-ironman-703-goa/all/
Ironman 70.3 Shanghai,10/20/2019,"Shanghai, China",975,/en/results/456-ironman-703-shanghai/all/
Ironman 70.3 Arizona,10/20/2019,"Tempe, Arizona, USA",1460,/en/results/457-ironman-703-arizona/all/
Ironman 70.3 North Carolina,10/19/2019,"Wilmington, North Carolina, USA",2325,/en/results/453-ironman-703-north-carolina/all/
Ironman 70.3 Coquimbo,10/19/2019,"Coquimbo, Chile",542,/en/results/454-ironman-703-coquimbo/all/
Ironman Louisville,10/13/2019,"Louisville, Kentucky, USA",1983,/en/results/452-ironman-louisville/all/
Ironman Hawaii,10/12/2019,"Kona, Hawaii, USA",2368,/en/results/451-ironman-hawaii/all/
Ironman Barcelona,10/06/2019,"Calella, Spain",2934,/en/results/450-ironman-barcelona/all/
Ironman 70.3 Lanzarote,10/05/2019,"Lanzarote, Canary Islands, Spain",794,/en/results/449-ironman-703-lanzarote/all/
Ironman Taiwan,09/29/2019,"Penghu, Taiwan
",508,/en/results/444-ironman-taiwan/all/
Ironman Chattanooga,09/29/2019,"Chattanooga, Tennessee, USA",1789,/en/results/445-ironman-chattanooga/all/
Ironman 70.3 Cozumel,09/29/2019,"Cozumel, Mexico",1880,/en/results/446-ironman-703-cozumel/all/
"Ironman 70.3 Cascais, Portugal",09/29/2019,"Cascais, Portugal",2287,/en/results/447-ironman-703-cascais-portugal/all/
Ironman 70.3 Augusta,09/29/2019,"Augusta, Georgia",2838,/en/results/448-ironman-703-augusta/all/
Ironman Maryland,09/28/2019,"Cambridge, Maryland, USA
",1877,/en/results/443-ironman-maryland/all/
Ironman 70.3 Italy Emilia-Romagna,09/22/2019,"Cervia, Italy
",1909,/en/results/439-ironman-703-italy-emilia-romagna/all/
Ironman 70.3 Rio de Janeiro,09/22/2019,"Rio de Janeiro, Brazil
",997,/en/results/440-ironman-703-rio-de-janeiro/all/
Ironman 70.3 Weymouth,09/22/2019,"Dorset, UK",2163,/en/results/441-ironman-703-weymouth/all/
Ironman 70.3 Slovenian Istria,09/22/2019,"Istria, Slovenia",1333,/en/results/442-ironman-703-slovenian-istria/all/
Ironman Italy Emilia-Romagna,09/21/2019,"Cervia, Italy
",2711,/en/results/438-ironman-italy-emilia-romagna/all/
Ironman Wales,09/15/2019,"Pembrokeshire, Wales
",2036,/en/results/430-ironman-wales/all/
Ironman 70.3 Xi'an,09/15/2019,"Xi'an, China
",587,/en/results/435-ironman-703-xian/all/
Ironman 70.3 Atlantic City,09/15/2019,"Atlantic City, New Jersey, USA",2195,/en/results/436-ironman-703-atlantic-city/all/
Ironman 70.3 Superfrog,09/15/2019,"Imperial Beach, California, USA",744,/en/results/437-ironman-703-superfrog/all/
Ironman 70.3 Sunshine Coast,09/08/2019,"Mooloolaba, Queensland, Australia
",1589,/en/results/431-ironman-703-sunshine-coast/all/
Ironman 70.3 Lake Placid,09/08/2019,"Lake Placid, NY, USA
",1850,/en/results/432-ironman-703-lake-placid/all/
Ironman 70.3 Santa Cruz,09/08/2019,"Santa Cruz, California, USA
",1903,/en/results/433-ironman-703-santa-cruz/all/
Ironman Wisconsin,09/08/2019,"Madison, Wisconsin, USA
",2022,/en/results/434-ironman-wisconsin/all/
Ironman 70.3 WC Nice,09/07/2019,"Nice, France
",5187,/en/results/429-ironman-703-wc-nice/all/
Ironman 70.3 Zell am See,09/01/2019,"Zell am See, Austria
",2241,/en/results/428-ironman-703-zell-am-see/all/
Ironman 70.3 Dun Laoghaire,08/25/2019,"Dun Laoghaire, Dublin, Ireland
",1327,/en/results/423-ironman-703-dun-laoghaire/all/
Ironman 70.3 Traverse City,08/25/2019,"Traverse City, Michigan, USA
",2326,/en/results/424-ironman-703-traverse-city/all/
Ironman 70.3 Maine,08/25/2019,"Old Orchard Beach, Maine, USA
",2042,/en/results/425-ironman-703-maine/all/
Ironman 70.3 Bintan,08/25/2019,"Bintan, Indonesia
",848,/en/results/426-ironman-703-bintan/all/
Ironman Vichy,08/25/2019,"Auvergne, France",1455,/en/results/427-ironman-vichy/all/
Ironman Mont-Tremblant,08/18/2019,"Mont-Tremblant, Quebec, Canada",2376,/en/results/421-ironman-mont-tremblant/all/
Ironman Copenhagen,08/18/2019,"Copenhagen, Denmark",2700,/en/results/422-ironman-copenhagen/all/
Ironman Kalmar,08/17/2019,"Kalmar, Sweden",2274,/en/results/420-ironman-kalmar/all/
Ironman 70.3 Gdynia,08/11/2019,"Gdynia, Poland
",1918,/en/results/417-ironman-703-gdynia/all/
Ironman 70.3 Calgary,08/11/2019,"Calgary, Alberta, Canada
",734,/en/results/418-ironman-703-calgary/all/
Ironman 70.3 Philippines,08/11/2019,"Cebu, Philippines
",1422,/en/results/419-ironman-703-philippines/all/
Ironman 70.3 Maceió,08/04/2019,"Maceió, Alagoas, Brazil
",1214,/en/results/414-ironman-703-maceio/all/
Ironman 70.3 Boulder,08/03/2019,"Boulder, Colorado, USA
",2204,/en/results/415-ironman-703-boulder/all/
Ironman Tallinn,08/03/2019,"Tallinn, Estonia",890,/en/results/416-ironman-tallinn/all/
Ironman Canada,07/29/2019,"Whistler, BC, Canada
",1241,/en/results/409-ironman-canada/all/
Ironman Hamburg,07/28/2019,"Hamburg, Germany
",2225,/en/results/408-ironman-hamburg/all/
Ironman Lake Placid,07/28/2019,"Lake Placid, NY, USA
",2380,/en/results/410-ironman-lake-placid/all/
Ironman 70.3 Canada,07/28/2019,"Whistler, BC, Canada
",1583,/en/results/412-ironman-703-canada/all/
Ironman 70.3 Ohio,07/28/2019,"Delaware, Ohio, USA
",2081,/en/results/413-ironman-703-ohio/all/
Ironman 70.3 Santa Rosa,07/27/2019,"Santa Rosa, California
",2076,/en/results/411-ironman-703-santa-rosa/all/
Ironman Switzerland,07/21/2019,"Zurich, Switzerland
",1736,/en/results/407-ironman-switzerland/all/
Ironman 70.3 Astana,07/14/2019,"Astana, Kazakhstan",1101,/en/results/404-ironman-703-astana/all/
Ironman Vitoria-Gasteiz,07/14/2019,"Vitoria, Spain",1734,/en/results/405-ironman-vitoria-gasteiz/all/
Ironman UK,07/14/2019,"Bolton, England",1614,/en/results/406-ironman-uk/all/
Ironman 70.3 Muncie,07/13/2019,"Muncie, Indiana, USA",1571,/en/results/403-ironman-703-muncie/all/
Ironman Austria,07/07/2019,"Klagenfurt, Austria",2749,/en/results/398-ironman-austria/all/
Ironman 70.3 Ecuador,07/07/2019,"Manta, Ecuador",1351,/en/results/399-ironman-703-ecuador/all/
Ironman 70.3 Muskoka,07/07/2019,"Muskoka, Ontario, Canada",1393,/en/results/400-ironman-703-muskoka/all/
Ironman 70.3 Jönköping,07/07/2019,"Jönköping, Sweden",2211,/en/results/401-ironman-703-joenkoeping/all/
Challenge Roth,07/07/2019,"Roth, Germany",3812,/en/results/402-challenge-roth/all/
Ironman 70.3 Steelhead ,06/30/2019,"Benton Harbor, Michigan",1748,/en/results/391-ironman-703-steelhead-/all/
Ironman 70.3 Lubbock,06/30/2019,"Lubbock, Texas",755,/en/results/392-ironman-703-lubbock/all/
Ironman 70.3 Haugesund,06/30/2019,"Haugesund, Norway",603,/en/results/393-ironman-703-haugesund/all/
Ironman 70.3 Coeur d'Alene,06/30/2019,"Coeur d'Alene, Idaho, USA",2100,/en/results/394-ironman-703-coeur-dalene/all/
Ironman Haugesund,06/30/2019,"Haugesund, Norway",350,/en/results/395-ironman-haugesund/all/
Ironman France,06/30/2019,"Nice, France",2531,/en/results/396-ironman-france/all/
Ironman Frankfurt,06/30/2019,"Frankfurt, Germany",2729,/en/results/397-ironman-frankfurt/all/
Ironman 70.3 Finland,06/29/2019,"Lahti, Finland",1577,/en/results/390-ironman-703-finland/all/
Ironman 70.3 Elsinore,06/23/2019,"Elsinore, Denmark",2239,/en/results/386-ironman-703-elsinore/all/
Ironman 70.3 Mont-Tremblant,06/23/2019,"Mont-Tremblant, Québec, Canada",2671,/en/results/387-ironman-703-mont-tremblant/all/
Ironman 70.3 Costa Rica,06/23/2019,"Playa del Coco, Costa Rica",782,/en/results/388-ironman-703-costa-rica/all/
"Ironman Cork, Ireland",06/23/2019,"Youghal/Cork, Ireland",1834,/en/results/389-ironman-cork-ireland/all/
Ironman 70.3 Luxembourg,06/16/2019,"Luxembourg, Luxembourg ",2036,/en/results/384-ironman-703-luxembourg/all/
Ironman 70.3 Les Sables d'Olonne,06/16/2019,"Vendée, France",2421,/en/results/385-ironman-703-les-sables-dolonne/all/
Ironman 70.3 Otepää,06/15/2019,"Otepää, Estonia",958,/en/results/383-ironman-703-otepaeae/all/
Ironman 70.3 Staffordshire,06/09/2019,"Staffordshire, England",2073,/en/results/375-ironman-703-staffordshire/all/
Ironman 70.3 Japan,06/09/2019,"Centrair Tokoname, Japan",1530,/en/results/376-ironman-703-japan/all/
Ironman 70.3 Fortaleza,06/09/2019,"Fortaleza, Brazil",555,/en/results/377-ironman-703-fortaleza/all/
Ironman 70.3 Wisconsin,06/09/2019,"Madison, Wisconsin",2055,/en/results/378-ironman-703-wisconsin/all/
Ironman 70.3 Eagleman,06/09/2019,"Cambridge, Maryland",2226,/en/results/379-ironman-703-eagleman/all/
Ironman 70.3 Cairns,06/09/2019,"Cairns, Queensland, Australia",1291,/en/results/380-ironman-703-cairns/all/
Ironman Cairns,06/09/2019,"Cairns, Queensland, Australia",1154,/en/results/381-ironman-cairns/all/
Ironman Boulder,06/09/2019,"Boulder, Colorado, USA",1104,/en/results/382-ironman-boulder/all/
Ironman 70.3 Connecticut,06/02/2019,"Middlebury, Connecticut",1999,/en/results/368-ironman-703-connecticut/all/
Ironman 70.3 Durban,06/02/2019,"KwaZulu-Natal, South Africa",2676,/en/results/369-ironman-703-durban/all/
Ironman 70.3 Kraichgau,06/02/2019,Kraichgau Germany,2274,/en/results/370-ironman-703-kraichgau/all/
Ironman 70.3 Subic Bay,06/02/2019,"Subic Bay, Philippines",636,/en/results/371-ironman-703-subic-bay/all/
Ironman 70.3 Switzerland,06/02/2019,"Rapperswil-Jona, Switzerland",2230,/en/results/372-ironman-703-switzerland/all/
Ironman 70.3 Victoria,06/02/2019,"Victoria, British Columbia, Canada",1715,/en/results/373-ironman-703-victoria/all/
Ironman 70.3 Hawaii,06/01/2019,"Kohala Coast, Hawaii, USA",1254,/en/results/374-ironman-703-hawaii/all/
Ironman Brazil,05/26/2019,"Florianopolis, Brazil",1419,/en/results/365-ironman-brazil/all/
Ironman 70.3 St. Pölten,05/26/2019,"St.Pölten, Austria",2177,/en/results/366-ironman-703-st-poelten/all/
Ironman 70.3 Goseong Korea,05/26/2019,"Goseong, Korea",1570,/en/results/367-ironman-703-goseong-korea/all/
Ironman Lanzarote,05/25/2019,"Lanzarote, Canarias, Spain",1520,/en/results/364-ironman-lanzarote/all/
Ironman 70.3 Barcelona,05/19/2019,"Barcelona, Spain",2369,/en/results/362-ironman-703-barcelona/all/
Ironman 70.3 Chattanooga,05/19/2019,"Chattanooga, Tennessee, USA",2897,/en/results/363-ironman-703-chattanooga/all/
Ironman 70.3 Vietnam,05/12/2019,"Panama City Beach, Florida, USA",1596,/en/results/358-ironman-703-vietnam/all/
Ironman 70.3 Monterrey,05/12/2019,"Monterrey, Mexico",1595,/en/results/359-ironman-703-monterrey/all/
Ironman 70.3 Pays d'Aix,05/12/2019,"Aix en Provence, France",2024,/en/results/360-ironman-703-pays-daix/all/
Ironman 70.3 Mallorca,05/11/2019,"Alcudia, Mallorca, Spain",3093,/en/results/356-ironman-703-mallorca/all/
Ironman 70.3 Gulf Coast,05/11/2019,"Panama City Beach, Florida, USA",1580,/en/results/357-ironman-703-gulf-coast/all/
Ironman Santa Rosa,05/11/2019,"Santa Rosa, California, USA",1716,/en/results/361-ironman-santa-rosa/all/
Ironman 70.3 Virginia,05/05/2019,"Williamsburg, Virginia, USA",1638,/en/results/353-ironman-703-virginia/all/
Ironman 70.3 Port Macquarie,05/05/2019,"Port Macquarie, Australia",1211,/en/results/354-ironman-703-port-macquarie/all/
Ironman Australia,05/05/2019,"Port Macquarie, Australia",1292,/en/results/355-ironman-australia/all/
Ironman 70.3 St. George,05/04/2019,"St. George, Utah, USA",2415,/en/results/351-ironman-703-st-george/all/
Ironman 70.3 Busselton,05/04/2019,"Busselton, Western Australia, Australia",970,/en/results/352-ironman-703-busselton/all/
Ironman 70.3 Marbella,04/27/2019,"Marbella, Spain",1843,/en/results/348-ironman-703-marbella/all/
Ironman 70.3 Florianopolis,04/27/2019,"Florianopolis, Brazil",1435,/en/results/349-ironman-703-florianopolis/all/
Ironman Texas,04/27/2019,"The Woodlands, Texas, USA",2367,/en/results/350-ironman-texas/all/
Ironman 70.3 Florida,04/14/2019,"Haines City, Florida, USA",1436,/en/results/344-ironman-703-florida/all/
Ironman 70.3 Liuzhou,04/14/2019,"Liuzhou, China",738,/en/results/345-ironman-703-liuzhou/all/
Ironman 70.3 Peru,04/14/2019,"Lima, Peru",1048,/en/results/346-ironman-703-peru/all/
"Ironman 70.3 Greece, Costa Navarino",04/14/2019,"Greece, Costa Navarino",1367,/en/results/347-ironman-703-greece-costa-navarino/all/
Ironman 70.3 Texas,04/07/2019,"Galveston, Texas, USA",2336,/en/results/341-ironman-703-texas/all/
Ironman 70.3 Punta del Este,04/07/2019,"Punta del Este, Uruguay",990,/en/results/342-ironman-703-punta-del-este/all/
Ironman South Africa,04/07/2019,"Nelson Mandela Bay, South Africa",1766,/en/results/343-ironman-south-africa/all/
Ironman 70.3 Oceanside,04/06/2019,"Oceanside, California, USA",2580,/en/results/340-ironman-703-oceanside/all/
Ironman 70.3 Davao Philippines,03/24/2019,"Davao, Philippines",1521,/en/results/338-ironman-703-davao-philippines/all/
Ironman 70.3 Taiwan,03/24/2019,"Taitung, Taiwan",2217,/en/results/339-ironman-703-taiwan/all/
Ironman 70.3 Puerto Rico,03/17/2019,"San Juan, Puerto Rico",894,/en/results/336-ironman-703-puerto-rico/all/
Ironman 70.3 Campeche,03/17/2019,"Campeche, Mexico",688,/en/results/337-ironman-703-campeche/all/
Ironman 70.3 Bariloche,03/10/2019,"Bariloche, Argentina",419,/en/results/335-ironman-703-bariloche/all/
Ironman 70.3 New Zealand,03/02/2019,"Taupo, New Zealand",345,/en/results/333-ironman-703-new-zealand/all/
Ironman New Zealand,03/02/2019,"Taupo, New Zealand",1434,/en/results/334-ironman-new-zealand/all/
Ironman 70.3 Oman,03/01/2019,"Muscat, Al Qurm, Oman",725,/en/results/332-ironman-703-oman/all/
Ironman 70.3 Geelong,02/17/2019,"Geelong, Victoria, Australia",1099,/en/results/331-ironman-703-geelong/all/
Ironman 70.3 Dubai,02/01/2019,"Dubai, United Arab Emirates",2025,/en/results/330-ironman-703-dubai/all/
Ironman 70.3 South Africa,01/27/2019,"Buffalo City, East London, South Africa",1684,/en/results/329-ironman-703-south-africa/all/
Ironman 70.3 Pucon,01/13/2019,"Pucon, Chile",1679,/en/results/328-ironman-703-pucon/all/
Ironman 70.3 Indian Wells La Quinta,12/09/2018,"Indian Wells/La Quinta, California, USA",2326,/en/results/327-ironman-703-indian-wells-la-quinta/all/
Ironman 70.3 Bahrain,12/08/2018,"Manama, Bahrain",1009,/en/results/325-ironman-703-bahrain/all/
Ironman 70.3 Taupo,12/08/2018,"Taupo, New Zealand",810,/en/results/326-ironman-703-taupo/all/
Ironman 70.3 Western Australia,12/02/2018,"Busselton, Western Australia, Australia",684,/en/results/321-ironman-703-western-australia/all/
Ironman Western Australia,12/02/2018,"Busselton, Western Australia, Australia",1016,/en/results/322-ironman-western-australia/all/
Ironman Mar del Plata,12/02/2018,"Mar del Plata, Argentina",832,/en/results/323-ironman-mar-del-plata/all/
Ironman 70.3 Cartagena,12/02/2018,"Cartagena, Colombia",1793,/en/results/324-ironman-703-cartagena/all/
Ironman 70.3 Western Sydney,11/25/2018,"Western Sydney, New South Wales, Australia",1102,/en/results/319-ironman-703-western-sydney/all/
Ironman 70.3 Fortaleza,11/25/2018,"Fortaleza, Brazil",832,/en/results/320-ironman-703-fortaleza/all/
Ironman 70.3 Xiamen,11/18/2018,"Xiamen, China",1081,/en/results/315-ironman-703-xiamen/all/
Ironman Arizona,11/18/2018,"Tempe, Arizona, USA",2496,/en/results/317-ironman-arizona/all/
Ironman Cozumel,11/18/2018,"Cozumel, Mexico",1663,/en/results/318-ironman-cozumel/all/
Ironman 70.3 Langkawi,11/17/2018,"Langkawi, Malaysia",939,/en/results/314-ironman-703-langkawi/all/
Ironman Malaysia,11/17/2018,"Langkawi, Malaysia",1111,/en/results/316-ironman-malaysia/all/
Ironman 70.3 Los Cabos,11/04/2018,"Los Cabos, Mexico",638,/en/results/310-ironman-703-los-cabos/all/
Ironman 70.3 Buenos Aires,11/04/2018,"Buenos Aires, Argentina",2132,/en/results/311-ironman-703-buenos-aires/all/
Ironman Florida,11/04/2018,"Haines City, Florida, USA",1857,/en/results/312-ironman-florida/all/
Ironman 70.3 Turkey,10/28/2018,"Belek, Turkey",1191,/en/results/308-ironman-703-turkey/all/
Ironman 70.3 Waco,10/28/2018,"Waco, Texas, USA",2233,/en/results/309-ironman-703-waco/all/
Ironman 70.3 Atlantic City,10/21/2018,"Atlantic City, New Jersey, USA",2162,/en/results/304-ironman-703-atlantic-city/all/
Ironman 70.3 Arizona,10/21/2018,"Tempe, Arizona, USA",1390,/en/results/305-ironman-703-arizona/all/
Ironman 70.3 New Orleans,10/21/2018,"New Orleans, Louisiana, USA",983,/en/results/306-ironman-703-new-orleans/all/
Ironman 70.3 Shanghai,10/21/2018,"Shanghai, China",980,/en/results/307-ironman-703-shanghai/all/
Ironman 70.3 Coquimbo,10/20/2018,"Coquimbo, Chile",449,/en/results/303-ironman-703-coquimbo/all/
Ironman Louisville,10/14/2018,"Louisville, Kentucky, USA",2368,/en/results/302-ironman-louisville/all/
Ironman Hawaii,10/13/2018,"Kona, Hawaii, USA",2377,/en/results/301-ironman-hawaii/all/
Ironman Barcelona,10/07/2018,"Calella, Spain",2720,/en/results/299-ironman-barcelona/all/
Ironman Taiwan,10/07/2018,"Penghu, Taiwan",814,/en/results/300-ironman-taiwan/all/
Ironman 70.3 Lanzarote,10/06/2018,"Lanzarote, Canary Islands, Spain",569,/en/results/298-ironman-703-lanzarote/all/
Ironman Chattanooga,09/30/2018,"Chattanooga, Tennessee, USA",2143,/en/results/294-ironman-chattanooga/all/
Ironman 70.3 Rio de Janeiro,09/30/2018,"Rio de Janeiro, Brazil",1304,/en/results/295-ironman-703-rio-de-janeiro/all/
Ironman 70.3 Cozumel,09/30/2018,"Cozumel, Mexico",1774,/en/results/296-ironman-703-cozumel/all/
"Ironman 70.3 Cascais, Portugal",09/30/2018,"Cascais, Portugal",2154,/en/results/297-ironman-703-cascais-portugal/all/
Ironman Maryland,09/29/2018,"Cambridge, Maryland, USA",1460,/en/results/293-ironman-maryland/all/
Ironman 70.3 Weymouth,09/23/2018,"Dorset, UK",2190,/en/results/289-ironman-703-weymouth/all/
Ironman 70.3 Augusta,09/23/2018,"Augusta, Georgia, USA",2886,/en/results/290-ironman-703-augusta/all/
Ironman 70.3 Atlantic City,09/23/2018,"Atlantic City, New Jersey, USA",2161,/en/results/291-ironman-703-atlantic-city/all/
Ironman 70.3 Slovenian Istria,09/23/2018,"Istria, Slovenia",1205,/en/results/292-ironman-703-slovenian-istria/all/
Ironman Italy Emilia-Romagna,09/22/2018,"Cervia, Italy",2344,/en/results/288-ironman-italy-emilia-romagna/all/
Ironman 70.3 Superfrog,09/16/2018,"Imperial Beach, California",818,/en/results/286-ironman-703-superfrog/all/
Ironman 70.3 Nice,09/16/2018,"Nice, France",2275,/en/results/287-ironman-703-nice/all/
Ironman 70.3 Rügen,09/09/2018,"Rügen, Germany",1239,/en/results/280-ironman-703-ruegen/all/
Ironman 70.3 Santa Cruz,09/09/2018,"Santa Cruz, California, USA",1678,/en/results/281-ironman-703-santa-cruz/all/
Ironman 70.3 Lake Placid,09/09/2018,"Lake Placid, NY, USA",2270,/en/results/282-ironman-703-lake-placid/all/
Ironman Wales,09/09/2018,"Pembrokeshire, Wales",2206,/en/results/283-ironman-wales/all/
Ironman Gurye,09/09/2018,"Gurye, Korea",1359,/en/results/284-ironman-gurye/all/
Ironman Wisconsin,09/09/2018,"Madison, Wisconsin, USA",2105,/en/results/285-ironman-wisconsin/all/
Ironman 70.3 WC South Africa,09/01/2018,"Nelson Mandela Bay, South Africa",3718,/en/results/279-ironman-703-wc-south-africa/all/
Ironman Vichy,08/26/2018,"Auvergne, France",1371,/en/results/275-ironman-vichy/all/
Ironman 70.3 Maine,08/26/2018,"Old Orchard Beach, Maine, USA",1850,/en/results/276-ironman-703-maine/all/
Ironman 70.3 Zell am See,08/26/2018,"Zell am See, Austria",2077,/en/results/277-ironman-703-zell-am-see/all/
Ironman 70.3 Sunshine Coast,08/26/2018,"Mooloolaba, Queensland, Australia",1334,/en/results/278-ironman-703-sunshine-coast/all/
Ironman 70.3 Vichy,08/25/2018,"Auvergne, France",1897,/en/results/274-ironman-703-vichy/all/
Ironman Copenhagen,08/19/2018,"Copenhagen, Denmark
",2385,/en/results/269-ironman-copenhagen/all/
Ironman Mont-Tremblant,08/19/2018,"Mont-Tremblant, Quebec, Canada",2454,/en/results/270-ironman-mont-tremblant/all/
Ironman 70.3 Bintan,08/19/2018,"Bintan, Indonesia",972,/en/results/272-ironman-703-bintan/all/
Ironman 70.3 Dun Laoghaire,08/19/2018,"Dun Laoghaire, Ireland",1434,/en/results/273-ironman-703-dun-laoghaire/all/
Ironman Kalmar,08/18/2018,"Kalmar, Sweden",2130,/en/results/271-ironman-kalmar/all/
Ironman 70.3 Steelhead,08/12/2018,"Benton Harbor, Michigan, USA",1824,/en/results/268-ironman-703-steelhead/all/
Ironman Maastricht-Limburg,08/05/2018,"Limburg, The Netherlands
",1208,/en/results/262-ironman-maastricht-limburg/all/
Ironman 70.3 Gdynia,08/05/2018,"Gdynia, Poland",1919,/en/results/263-ironman-703-gdynia/all/
Ironman 70.3 Qujing,08/05/2018,"Qujing, China",371,/en/results/264-ironman-703-qujing/all/
Ironman 70.3 Maceió,08/05/2018,"Maceió, Alagoas Brazil",1291,/en/results/265-ironman-703-maceio/all/
Ironman 70.3 Cebu,08/05/2018,"Cebu, Philippines",1703,/en/results/266-ironman-703-cebu/all/
Ironman Tallinn,08/04/2018,"Tallinn, Estonia
",1187,/en/results/261-ironman-tallinn/all/
Ironman 70.3 Boulder,08/04/2018,"Boulder, Colorado, USA",2166,/en/results/267-ironman-703-boulder/all/
Ironman Switzerland,07/29/2018,"Zurich, Switzerland
",1588,/en/results/256-ironman-switzerland/all/
Ironman 70.3 Ohio,07/29/2018,"Delaware, Ohio, USA
",2022,/en/results/258-ironman-703-ohio/all/
Ironman 70.3 Calgary,07/29/2018,"Calgary, AB, Canada
",830,/en/results/259-ironman-703-calgary/all/
Ironman 70.3 Canada,07/29/2018,"Whistler, BC, Canada
",1148,/en/results/260-ironman-703-canada/all/
Ironman Hamburg,07/29/2018,"Hamburg, Germany
",2109,/en/results/254-ironman-hamburg/all/
Ironman Canada,07/29/2018,"Whistler, BC, Canada
",1464,/en/results/255-ironman-canada/all/
Ironman 70.3 Santa Rosa,07/28/2018,"Santa Rosa, California
",2636,/en/results/257-ironman-703-santa-rosa/all/
Ironman Lake Placid,07/22/2018,"Lake Placid, NY, USA
",2307,/en/results/253-ironman-lake-placid/all/
Ironman UK,07/15/2018,"Bolton, England
",1890,/en/results/252-ironman-uk/all/
Ironman 70.3 Muncie,07/14/2018,"Muncie, Indiana
",1531,/en/results/251-ironman-703-muncie/all/
Ironman Frankfurt,07/08/2018,"Frankfurt, Germany
",2558,/en/results/246-ironman-frankfurt/all/
Ironman 70.3 Ecuador,07/08/2018,"Manta, Ecuador
",1211,/en/results/247-ironman-703-ecuador/all/
Ironman 70.3 Jeju Korea,07/08/2018,"Jeju, Korea
",499,/en/results/248-ironman-703-jeju-korea/all/
Ironman 70.3 Muskoka,07/08/2018,"Muskoka, Ontario, Canada
",1600,/en/results/249-ironman-703-muskoka/all/
Ironman 70.3 Jönköping,07/08/2018,"Jönköping, Sweden
",1863,/en/results/250-ironman-703-joenkoeping/all/
Ironman 70.3 Edinburgh,07/01/2018,"Edinburgh, Scotland
",876,/en/results/241-ironman-703-edinburgh/all/
Ironman 70.3 Haugesund,07/01/2018,"Haugesund, Norway
",191,/en/results/242-ironman-703-haugesund/all/
Ironman Haugesund,07/01/2018,"Haugesund, Norway
",576,/en/results/243-ironman-haugesund/all/
Ironman Austria,07/01/2018,"Klagenfurt, Austria
",2499,/en/results/244-ironman-austria/all/
Challenge Roth,07/01/2018,"Roth, Germany",3636,/en/results/245-challenge-roth/all/
Ironman 70.3 Coeur d'Alene,06/24/2018,"Coeur d'Alene, Idaho
",1634,/en/results/235-ironman-703-coeur-dalene/all/
Ironman 70.3 Costa Rica,06/24/2018,"Playa del Coco, Costa Rica
",1142,/en/results/236-ironman-703-costa-rica/all/
Ironman 70.3 Buffalo Springs Lake,06/24/2018,"Lubbock, Texas
",648,/en/results/237-ironman-703-buffalo-springs-lake/all/
Ironman 70.3 Mont-Tremblant,06/24/2018,"Mont-Tremblant, Québec, Canada
",2692,/en/results/238-ironman-703-mont-tremblant/all/
Ironman France,06/24/2018,"Nice, France
",2551,/en/results/239-ironman-france/all/
Ironman 70.3 Luxembourg,06/17/2018,"Region Moselle, Luxembourg
",1722,/en/results/229-ironman-703-luxembourg/all/
Ironman 70.3 Elsinore,06/17/2018,"Elsinore, Denmark
",2327,/en/results/230-ironman-703-elsinore/all/
Ironman 70.3 Japan,06/17/2018,"Centrair Tokoname, Japan
",1591,/en/results/231-ironman-703-japan/all/
Ironman 70.3 Syracuse,06/17/2018,"Syracuse, New York, USA
",1052,/en/results/232-ironman-703-syracuse/all/
Ironman 70.3 Astana,06/17/2018,"Astana, Kazakhstan
",1059,/en/results/233-ironman-703-astana/all/
Ironman Boulder,06/10/2018,"Boulder, Colorado, USA
",1452,/en/results/221-ironman-boulder/all/
Ironman 70.3 Cairns,06/10/2018,"Cairns, Queensland, Australia
",1293,/en/results/222-ironman-703-cairns/all/
Ironman 70.3 Eagleman,06/10/2018,"Cambridge, Maryland, USA
",1691,/en/results/223-ironman-703-eagleman/all/
Ironman 70.3 Staffordshire,06/10/2018,"Staffordshire, England
",1968,/en/results/224-ironman-703-staffordshire/all/
Ironman 70.3 Wisconsin,06/10/2018,"Madison, Wisconsin, USA
",1818,/en/results/225-ironman-703-wisconsin/all/
Ironman Cairns,06/10/2018,"Cairns, Queensland, Australia
",1056,/en/results/226-ironman-cairns/all/
Ironman 70.3 Switzerland,06/10/2018,"Rapperswil-Jona, Switzerland
",2228,/en/results/227-ironman-703-switzerland/all/
Ironman 70.3 Italy,06/10/2018,"Pescara, Italy
",1049,/en/results/228-ironman-703-italy/all/
Ironman 70.3 Kraichgau,06/03/2018,"Kraichgau, Germany",2136,/en/results/215-ironman-703-kraichgau/all/
Ironman 70.3 Raleigh,06/03/2018,"Raleigh, North Carolina
",1321,/en/results/216-ironman-703-raleigh/all/
Ironman 70.3 Victoria,06/03/2018,"Victoria, BC, Canada
",1557,/en/results/217-ironman-703-victoria/all/
Ironman 70.3 Durban,06/03/2018,"KwaZulu-Natal, South Africa
",660,/en/results/218-ironman-703-durban/all/
Ironman 70.3 Subic Bay Philippines,06/03/2018,"Subic Bay, Philippines
",261,/en/results/219-ironman-703-subic-bay-philippines/all/
Ironman Subic Bay Philippines,06/03/2018,"Subic Bay, Philippines
",1164,/en/results/220-ironman-subic-bay-philippines/all/
Ironman 70.3 Hawaii,06/02/2018,"Kohala Coast, Hawaii, USA",1357,/en/results/313-ironman-703-hawaii/all/
Ironman Brazil,05/27/2018,"Florianopolis, Brazil",1876,/en/results/213-ironman-brazil/all/
Ironman 70.3 St. Pölten,05/27/2018,"St. Pölten, Austria",1678,/en/results/214-ironman-703-st-poelten/all/
Ironman Lanzarote,05/26/2018,"Canarias, Spain",1825,/en/results/212-ironman-lanzarote/all/
Ironman 70.3 Chattanooga,05/20/2018,"Chattanooga, Tennessee",2376,/en/results/210-ironman-703-chattanooga/all/
Ironman 70.3 Barcelona,05/20/2018,"Calella, Spain",2372,/en/results/211-ironman-703-barcelona/all/
Ironman 70.3 Vietnam,05/13/2018,"Danang, Vietnam",1138,/en/results/207-ironman-703-vietnam/all/
Ironman 70.3 Monterrey,05/13/2018,"Monterrey, Mexico",1596,/en/results/208-ironman-703-monterrey/all/
Ironman 70.3 Pays d'Aix,05/13/2018,"Aix en Provence, France",2069,/en/results/209-ironman-703-pays-daix/all/
Ironman Santa Rosa,05/12/2018,"Santa Rosa, California",1837,/en/results/204-ironman-santa-rosa/all/
Ironman 70.3 Gulf Coast,05/12/2018,"Panama City Beach, Florida",1619,/en/results/205-ironman-703-gulf-coast/all/
Ironman 70.3 Mallorca,05/12/2018,"Alcudia, Mallorca, Spain",3448,/en/results/206-ironman-703-mallorca/all/
Ironman 70.3 Port Macquarie,05/06/2018,"Port Macquarie, Australia",1211,/en/results/202-ironman-703-port-macquarie/all/
Ironman Australia,05/06/2018,"Port Macquarie, Australia",1206,/en/results/203-ironman-australia/all/
Ironman 70.3 St. George,05/05/2018,"St. George, Utah",2682,/en/results/201-ironman-703-st-george/all/
Ironman 70.3 Marbella,04/29/2018,"Marbella, Spain",2351,/en/results/199-ironman-703-marbella/all/
Ironman Texas,04/28/2018,"The Woodlands, Texas",2943,/en/results/200-ironman-texas/all/
Ironman 70.3 Peru,04/22/2018,"Lima, Peru",1092,/en/results/197-ironman-703-peru/all/
Ironman 70.3 Florianopolis,04/22/2018,"Florianopolis, Brazil",1224,/en/results/198-ironman-703-florianopolis/all/
Ironman South Africa,04/15/2018,"Nelson Mandela Bay, South Africa",2042,/en/results/196-ironman-south-africa/all/
Ironman 70.3 Liuzhou,04/14/2018,"Liuzhou, China",655,/en/results/195-ironman-703-liuzhou/all/
Ironman 70.3 Florida,04/08/2018,"Lake Eva Park, Haines City, Florida",2151,/en/results/192-ironman-703-florida/all/
Ironman 70.3 Punta del Este,04/08/2018,"Punta del Este, Uruguay",640,/en/results/193-ironman-703-punta-del-este/all/
Ironman 70.3 Texas,04/08/2018,"Galveston, Texas",2912,/en/results/194-ironman-703-texas/all/
Ironman 70.3 Oceanside,04/07/2018,"Oceanside, California",3499,/en/results/191-ironman-703-oceanside/all/
Ironman 70.3 Davao,03/25/2018,"Davao, Philippines",1434,/en/results/190-ironman-703-davao/all/
Ironman 70.3 Taiwan,03/18/2018,"Taitung, Taiwan",1734,/en/results/187-ironman-703-taiwan/all/
Ironman 70.3 Puerto Rico,03/18/2018,"San Juan, Puerto Rico",745,/en/results/188-ironman-703-puerto-rico/all/
Ironman 70.3 Campeche,03/18/2018,"Campeche, Mexico",901,/en/results/189-ironman-703-campeche/all/
Ironman 70.3 Bariloche,03/11/2018,"Bariloche, Argentina",1672,/en/results/186-ironman-703-bariloche/all/
Ironman 70.3 New Zealand,03/03/2018,"Taupo, New Zealand",395,/en/results/184-ironman-703-new-zealand/all/
Ironman New Zealand,03/03/2018,"Taupo, New Zealand",1283,/en/results/185-ironman-new-zealand/all/
Ironman 70.3 Colombo,02/25/2018,"Colombo, Sri Lanka",293,/en/results/183-ironman-703-colombo/all/
Ironman 70.3 Geelong,02/18/2018,"Geelong, Victoria, Australia",962,/en/results/182-ironman-703-geelong/all/
Ironman 70.3 Dubai,02/02/2018,"Dubai, United Arab Emirates",2047,/en/results/181-ironman-703-dubai/all/
Ironman 70.3 South Africa,01/28/2018,"Buffalo City, East London",2417,/en/results/180-ironman-703-south-africa/all/
Ironman 70.3 Pucon,01/14/2018,"Pucon, Chile",1831,/en/results/179-ironman-703-pucon/all/
Ironman 70.3 Taupo,12/09/2017,"Taupo, New Zealand",862,/en/results/114-ironman-703-taupo/all/
Ironman 70.3 Cartagena,12/03/2017,"Cartagena, Colombia",2045,/en/results/112-ironman-703-cartagena/all/
Ironman Mar del Plata,12/03/2017,"Mar del Plata, Argentina",1267,/en/results/113-ironman-mar-del-plata/all/
Ironman Western Australia,12/03/2017,"Busselton, Western Australia",1440,/en/results/115-ironman-western-australia/all/
Ironman 70.3 Western Australia,12/03/2017,"Busselton, Western Australia",708,/en/results/116-ironman-703-western-australia/all/
Ironman 70.3 Thailand,11/26/2017,"Phuket, Thailand",1303,/en/results/107-ironman-703-thailand/all/
Ironman 70.3 Punta del Este,11/26/2017,"Punta del Este, Uruguay",791,/en/results/108-ironman-703-punta-del-este/all/
Ironman 70.3 Fortaleza,11/26/2017,"Fortaleza, Brazil",1042,/en/results/109-ironman-703-fortaleza/all/
Ironman Cozumel,11/26/2017,"Cozumel, Mexico",1483,/en/results/110-ironman-cozumel/all/
Ironman 70.3 Sydney,11/26/2017,"Western Sydney, New South Wales",1022,/en/results/111-ironman-703-sydney/all/
Ironman 70.3 Bahrain,11/25/2017,"Manama, Bahrain",955,/en/results/106-ironman-703-bahrain/all/
Ironman Arizona,11/19/2017,"Tempe, Arizona, USA",3304,/en/results/105-ironman-arizona/all/
Ironman Los Cabos,11/12/2017,"Los Cabos, Baja California, Mexico",532,/en/results/102-ironman-los-cabos/all/
Ironman 70.3 Los Cabos,11/12/2017,"Los Cabos, Baja California, Mexico",697,/en/results/103-ironman-703-los-cabos/all/
Ironman 70.3 Xiamen,11/12/2017,"Xiamen, China",1243,/en/results/104-ironman-703-xiamen/all/
Ironman Malaysia,11/11/2017,"Langkawi, Malaysia",1102,/en/results/100-ironman-malaysia/all/
Ironman 70.3 Langkawi,11/11/2017,"Langkawi, Malaysia",713,/en/results/101-ironman-703-langkawi/all/
Ironman Florida,11/04/2017,"Panama City Beach, Florida, USA",3014,/en/results/99-ironman-florida/all/
Ironman 70.3 Austin,10/29/2017,"Austin, Texas, USA",2067,/en/results/98-ironman-703-austin/all/
Ironman 70.3 Miami,10/22/2017,"Miami, Florida, USA",2371,/en/results/93-ironman-703-miami/all/
Ironman 70.3 Arizona,10/22/2017,"Tempe, Arizona, USA",1831,/en/results/95-ironman-703-arizona/all/
Ironman 70.3 Coquimbo,10/21/2017,"Coquimbo, Chile",413,/en/results/96-ironman-703-coquimbo/all/
Ironman 70.3 North Carolina,10/21/2017,"Wilmington, North Carolina, USA",2110,/en/results/97-ironman-703-north-carolina/all/
Ironman 70.3 Turkey,10/15/2017,"Belek, Turkey",875,/en/results/92-ironman-703-turkey/all/
Ironman Louisville,10/15/2017,"Louisville, KY, USA",2752,/en/results/91-ironman-louisville/all/
Ironman Hawaii,10/14/2017,"Kona, Hawaii, USA",2455,/en/results/90-ironman-hawaii/all/
Ironman Maryland,10/07/2017,"Cambridge, Maryland, USA",1335,/en/results/89-ironman-maryland/all/
Ironman 70.3 Rio de Janeiro,10/01/2017,"Rio de Janeiro, Brazil",1452,/en/results/86-ironman-703-rio-de-janeiro/all/
Ironman Taiwan,10/01/2017,"Penghu, Taiwan",734,/en/results/88-ironman-taiwan/all/
Ironman Barcelona,09/30/2017,"Barcelona, Spain",2919,/en/results/87-ironman-barcelona/all/
Ironman 70.3 Superfrog,09/24/2017,"Imperial Beach, California, USA",699,/en/results/82-ironman-703-superfrog/all/
Ironman Chattanooga,09/24/2017,"Chattanooga, Tennessee, USA",2603,/en/results/83-ironman-chattanooga/all/
Ironman 70.3 Augusta,09/24/2017,"Augusta, Georgia, USA",3403,/en/results/84-ironman-703-augusta/all/
Ironman 70.3 Cozumel,09/24/2017,"Cozumel, Mexico",1709,/en/results/85-ironman-703-cozumel/all/
Ironman Italy Emilia-Romagna,09/23/2017,"Cervia, Italy",2566,/en/results/81-ironman-italy-emilia-romagna/all/
Ironman 70.3 Atlantic City,09/17/2017,"Atlantic City, New Jersey, USA",2476,/en/results/78-ironman-703-atlantic-city/all/
Ironman 70.3 Pula,09/17/2017,"Istria, Croatia",1208,/en/results/80-ironman-703-pula/all/
Ironman 70.3 Weymouth,09/17/2017,"Dorset, UK",2408,/en/results/79-ironman-703-weymouth/all/
Ironman 70.3 Sunshine Coast,09/10/2017,"Mooloolaba, Queensland, Australia",1356,/en/results/71-ironman-703-sunshine-coast/all/
Ironman 70.3 Lake Placid,09/10/2017,"Lake Placid, NY, USA",2972,/en/results/75-ironman-703-lake-placid/all/
Ironman Wisconsin,09/10/2017,"Madison, Wisconsin, USA",2895,/en/results/76-ironman-wisconsin/all/
Ironman 70.3 Santa Cruz,09/10/2017,"Santa Cruz, California, USA",2386,/en/results/77-ironman-703-santa-cruz/all/
Ironman 70.3 Rügen,09/10/2017,"Rügen, Germany",1307,/en/results/73-ironman-703-ruegen/all/
Ironman Wales,09/10/2017,"Pembrokeshire, Wales",2066,/en/results/74-ironman-wales/all/
Ironman 70.3 WC Chattanooga Women,09/09/2017,"Chattanooga, Tennessee, USA",1707,/en/results/69-ironman-703-wc-chattanooga-women/all/
Ironman 70.3 WC Chattanooga Men,09/09/2017,"Chattanooga, Tennessee, USA",2816,/en/results/70-ironman-703-wc-chattanooga-men/all/
Ironman Gurye,09/09/2017,"Gurye, Korea",1656,/en/results/72-ironman-gurye/all/
Ironman 70.3 Cascais,09/03/2017,"Cascais, Portugal",2046,/en/results/67-ironman-703-cascais/all/
Ironman 70.3 Lanzarote,09/02/2017,"Lanzarote, Spain ",372,/en/results/68-ironman-703-lanzarote/all/
Ironman Coeur d´Alene,08/27/2017,"Coeur d'Alene, Idaho, USA",1104,/en/results/64-ironman-coeur-dundacutealene/all/
Ironman 70.3 Maine,08/27/2017,"Old Orchard Beach, Maine, USA",2115,/en/results/65-ironman-703-maine/all/
Ironman 70.3 Qujing,08/27/2017,"Qujing, China",490,/en/results/66-ironman-703-qujing/all/
Ironman Vichy,08/27/2017,"Auvergne, France",1487,/en/results/62-ironman-vichy/all/
Ironman 70.3 Zell am See - Kaprun,08/27/2017,"Zell am See, Austria",2439,/en/results/63-ironman-703-zell-am-see-kaprun/all/
Ironman 70.3 Vichy,08/26/2017,"Auvergne, France",2153,/en/results/61-ironman-703-vichy/all/
Ironman Mont-Tremblant,08/20/2017,"Mont-Tremblant, Quebec, Canada",2136,/en/results/56-ironman-mont-tremblant/all/
Ironman 70.3 Dublin,08/20/2017,"Dublin, Ireland",1536,/en/results/58-ironman-703-dublin/all/
Ironman 70.3 Bintan,08/20/2017,"Bintan, Indonesia",835,/en/results/59-ironman-703-bintan/all/
Ironman Kalmar,08/20/2017,"Kalmar, Sweden",2530,/en/results/57-ironman-kalmar/all/
Ironman Copenhagen,08/20/2017,"Copenhagen, Denmark",3026,/en/results/60-ironman-copenhagen/all/
Ironman 70.3 Steelhead,08/13/2017,"Benton Harbor, Michigan, USA",2008,/en/results/55-ironman-703-steelhead/all/
Ironman Hamburg,08/13/2017,"Hamburg, Germany",2414,/en/results/54-ironman-hamburg/all/
Ironman 70.3 Gdynia,08/06/2017,"Gdynia, Poland",2252,/en/results/52-ironman-703-gdynia/all/
Ironman Maastricht-Limburg,08/06/2017,"Limburg, The Netherlands",1155,/en/results/53-ironman-maastricht-limburg/all/
Ironman 70.3 Otepää,08/05/2017,"Otepää, Estonia",756,/en/results/49-ironman-703-otepaeae/all/
Ironman 70.3 Boulder,08/05/2017,"Boulder, Colorado, USA",2691,/en/results/50-ironman-703-boulder/all/
Ironman 70.3 Philippines,08/05/2017,"Cebu, Philippines",2298,/en/results/51-ironman-703-philippines/all/
Ironman Switzerland,07/30/2017,"Zurich, Switzerland",1626,/en/results/43-ironman-switzerland/all/
Ironman Canada,07/30/2017,"Whistler/Pemberton, BC, Canada",1405,/en/results/45-ironman-canada/all/
Ironman 70.3 Canada,07/30/2017,"Whistler/Pemberton, BC, Canada",1496,/en/results/46-ironman-703-canada/all/
Ironman 70.3 Ohio,07/30/2017,"Delaware, Ohio, USA",2195,/en/results/47-ironman-703-ohio/all/
Ironman 70.3 Ecuador,07/30/2017,"Manta, Ecuador",1274,/en/results/48-ironman-703-ecuador/all/
Ironman Santa Rosa,07/29/2017,"Santa Rosa, California, USA",1896,/en/results/44-ironman-santa-rosa/all/
Ironman France,07/23/2017,"Nice, France",2070,/en/results/39-ironman-france/all/
Ironman Lake Placid,07/23/2017,"Lake Placid, NY, USA",2758,/en/results/40-ironman-lake-placid/all/
Ironman 70.3 Calgary,07/23/2017,"Calgary, AB, Canada",863,/en/results/41-ironman-703-calgary/all/
Ironman UK,07/16/2017,"Bolton, England",2040,/en/results/36-ironman-uk/all/
Ironman 70.3 Racine,07/16/2017,"Racine, Wisconsin, USA",1493,/en/results/42-ironman-703-racine/all/
Challenge Roth,07/09/2017,"Roth, Germany",3787,/en/results/31-challenge-roth/all/
Ironman Frankfurt,07/09/2017,"Frankfurt, Germany",3121,/en/results/32-ironman-frankfurt/all/
Ironman 70.3 Jönköping,07/09/2017,"Jönköping, Sweden",1857,/en/results/33-ironman-703-joenkoeping/all/
Ironman 70.3 Muncie,07/08/2017,"Muncie, Indiana, USA",1684,/en/results/29-ironman-703-muncie/all/
Ironman 70.3 Muskoka,07/08/2017,"Muskoka, Ontario, Canada",1385,/en/results/30-ironman-703-muskoka/all/
Ironman Austria,07/02/2017,"Klagenfurt, Austria",2846,/en/results/24-ironman-austria/all/
Ironman 70.3 Haugesund,07/02/2017,"Haugesund, Norway",1158,/en/results/25-ironman-703-haugesund/all/
Ironman 70.3 Edinburgh,07/02/2017,"Edinburgh, Scotland",1609,/en/results/26-ironman-703-edinburgh/all/
Ironman 70.3 Mont-Tremblant,06/25/2017,"Mont-Tremblant, Québec, Canada",2890,/en/results/20-ironman-703-mont-tremblant/all/
Ironman 70.3 UK Exmoor,06/25/2017,"Wimbleball, England",814,/en/results/22-ironman-703-uk-exmoor/all/
Ironman 70.3 Coeur d'Alene,06/25/2017,"Coeur d'Alene, Idaho, USA",1754,/en/results/23-ironman-703-coeur-dalene/all/
Ironman 70.3 Durban,06/18/2017,"Durban, South Africa",2737,/en/results/16-ironman-703-durban/all/
Ironman 70.3 Staffordshire,06/18/2017,"Staffordshire, UK",2138,/en/results/17-ironman-703-staffordshire/all/
Ironman 70.3 Syracuse,06/18/2017,"Syracuse, USA",1507,/en/results/18-ironman-703-syracuse/all/
Ironman 70.3 Costa Rica,06/18/2017,"Playa del Coco, Costa Rica",1977,/en/results/19-ironman-703-costa-rica/all/
Ironman 70.3 Italy,06/18/2017,"Pescara, Italy",1086,/en/results/13-ironman-703-italy/all/
Ironman 70.3 Luxembourg,06/18/2017,"Region Moselle, Luxembourg",1774,/en/results/14-ironman-703-luxembourg/all/
Ironman 70.3 Elsinore,06/18/2017,"Elsinore, Denmark",2238,/en/results/15-ironman-703-elsinore/all/
Ironman Boulder,06/11/2017,"Boulder, Colorado, USA",1342,/en/results/117-ironman-boulder/all/
Ironman 70.3 Kraichgau,06/11/2017,"Kraichgau, Germany",1935,/en/results/8-ironman-703-kraichgau/all/
Ironman Cairns,06/11/2017,"Cairns, Australia",1247,/en/results/9-ironman-cairns/all/
Ironman 70.3 Switzerland,06/11/2017,"Rapperswil-Jona, Switzerland",2425,/en/results/10-ironman-703-switzerland/all/
Ironman 70.3 Wisconsin,06/11/2017,"Wisconsin, USA",2361,/en/results/11-ironman-703-wisconsin/all/
Ironman 70.3 Eagleman,06/11/2017,"Cambridge, USA",1991,/en/results/12-ironman-703-eagleman/all/
Ironman Brazil,05/28/2017,"Florianopolis, Brazil",2409,/en/results/119-ironman-brazil/all/
Ironman Lanzarote,05/20/2017,"Canarias, Spain",1606,/en/results/118-ironman-lanzarote/all/
Ironman Australia,05/07/2017,"Port Macquarie, Australia",1026,/en/results/124-ironman-australia/all/
Ironman Texas,04/22/2017,"The Woodlands, Texas",2671,/en/results/121-ironman-texas/all/
Ironman South Africa,04/02/2017,"Nelson Mandela Bay, South Africa",2083,/en/results/120-ironman-south-africa/all/
Ironman 70.3 Liuzhou,04/01/2017,"Liuzhou, China",588,/en/results/178-ironman-703-liuzhou/all/
Ironman New Zealand,03/04/2017,"Taupo, New Zealand",1270,/en/results/122-ironman-new-zealand/all/
Ironman Western Australia,12/04/2016,"Busselton, Western Australia",1365,/en/results/133-ironman-western-australia/all/
Ironman Cozumel,11/27/2016,"Cozumel, Mexico",1390,/en/results/126-ironman-cozumel/all/
Ironman Arizona,11/20/2016,"Tempe, Arizona, USA",2442,/en/results/130-ironman-arizona/all/
Ironman Fortaleza,11/20/2016,"Fortaleza, Brazil",633,/en/results/131-ironman-fortaleza/all/
Ironman Malaysia,11/12/2016,"Langkawi, Malaysia",944,/en/results/132-ironman-malaysia/all/
Ironman Florida,11/05/2016,"Panama City Beach, Florida, USA",2247,/en/results/129-ironman-florida/all/
Ironman Los Cabos,10/30/2016,"Los Cabos, Baja California, Mexico",345,/en/results/134-ironman-los-cabos/all/
Ironman North Carolina,10/22/2016,"Wilmington, North Carolina, USA",1561,/en/results/135-ironman-north-carolina/all/
Ironman Louisville,10/09/2016,"Louisville, KY, USA",2652,/en/results/136-ironman-louisville/all/
Ironman Hawaii,10/08/2016,"Kona, Hawaii, USA",2316,/en/results/2-ironman-hawaii/all/
Ironman Barcelona,10/02/2016,"Barcelona, Spain",2836,/en/results/138-ironman-barcelona/all/
Ironman Taiwan,10/02/2016,"Penghu, Taiwan",922,/en/results/137-ironman-taiwan/all/
Ironman Maryland,10/01/2016,"Cambridge, Maryland, USA",2572,/en/results/139-ironman-maryland/all/
Ironman Chattanooga,09/25/2016,"Chattanooga, Tennessee, USA",2716,/en/results/140-ironman-chattanooga/all/
Ironman Mallorca,09/24/2016,"Alcudia, Mallorca, Spain",2011,/en/results/123-ironman-mallorca/all/
Ironman Wales,09/18/2016,"Pembrokeshire, Wales",1914,/en/results/141-ironman-wales/all/
Ironman Weymouth,09/11/2016,"Dorset, UK ",883,/en/results/125-ironman-weymouth/all/
Ironman Wisconsin,09/11/2016,"Madison, Wisconsin, USA",2881,/en/results/142-ironman-wisconsin/all/
Ironman 70.3 Mooloolaba,09/04/2016,"Mooloolaba, Australia",2721,/en/results/3-ironman-703-mooloolaba/all/
Ironman Vichy,08/28/2016,"Auvergne, France",1822,/en/results/143-ironman-vichy/all/
Ironman Mont-Tremblant,08/21/2016,"Mont-Tremblant, Quebec, Canada",2480,/en/results/160-ironman-mont-tremblant/all/
Ironman Copenhagen,08/21/2016,"Copenhagen, Denmark",2848,/en/results/1-ironman-copenhagen/all/
Ironman Kalmar,08/20/2016,"Kalmar, Sweden",2458,/en/results/159-ironman-kalmar/all/
Ironman Boulder,08/07/2016,"Boulder, Colorado, USA",1490,/en/results/158-ironman-boulder/all/
Ironman Maastricht-Limburg,07/31/2016,"Limburg, The Netherlands",1776,/en/results/157-ironman-maastricht-limburg/all/
Ironman Vineman,07/30/2016,"Windsor, California, USA",2255,/en/results/156-ironman-vineman/all/
Ironman Lake Placid,07/24/2016,"Lake Placid, NY, USA",3055,/en/results/153-ironman-lake-placid/all/
Ironman Switzerland,07/24/2016,"Zurich, Switzerland",1583,/en/results/154-ironman-switzerland/all/
Ironman Canada,07/24/2016,"Whistler/Pemberton, BC, Canada",1407,/en/results/155-ironman-canada/all/
Challenge Roth,07/17/2016,"Roth, Germany",3720,/en/results/27-challenge-roth/all/
Ironman UK,07/17/2016,"Bolton, England",2094,/en/results/152-ironman-uk/all/
Ironman Frankfurt,07/03/2016,"Frankfurt, Germany",3171,/en/results/4-ironman-frankfurt/all/
Ironman Austria,06/26/2016,"Klagenfurt, Austria",2865,/en/results/151-ironman-austria/all/
Ironman Cairns,06/12/2016,"Cairns, Australia",1437,/en/results/150-ironman-cairns/all/
Ironman France,06/05/2016,"Nice, France",2885,/en/results/149-ironman-france/all/
Ironman Brazil,05/29/2016,"Florianopolis, Brazil",1845,/en/results/145-ironman-brazil/all/
Ironman Lanzarote,05/21/2016,"Canarias, Spain",1888,/en/results/147-ironman-lanzarote/all/
Ironman Texas,05/14/2016,"The Woodlands, Texas",3030,/en/results/128-ironman-texas/all/
Ironman Australia,05/01/2016,"Port Macquarie, Australia",1249,/en/results/146-ironman-australia/all/
Ironman South Africa,04/10/2016,"Nelson Mandela Bay, South Africa",1856,/en/results/144-ironman-south-africa/all/
Ironman New Zealand,03/05/2016,"Taupo, New Zealand",1253,/en/results/148-ironman-new-zealand/all/
Ironman Western Australia,12/06/2015,"Busselton, Western Australia",1187,/en/results/177-ironman-western-australia/all/
Ironman Cozumel,11/29/2015,"Cozumel, Mexico",1586,/en/results/161-ironman-cozumel/all/
Ironman Arizona,11/15/2015,"Tempe, Arizona, USA",2681,/en/results/176-ironman-arizona/all/
Ironman Malaysia,11/14/2015,"Langkawi, Malaysia",760,/en/results/175-ironman-malaysia/all/
Ironman Fortaleza,11/08/2015,"Fortaleza, Brazil",603,/en/results/174-ironman-fortaleza/all/
Ironman Florida,11/07/2015,"Panama City Beach, Florida, USA",2980,/en/results/173-ironman-florida/all/
Ironman Los Cabos,10/25/2015,"Los Cabos, Baja California, Mexico",908,/en/results/172-ironman-los-cabos/all/
Ironman Maryland,10/17/2015,"Cambridge, Maryland, USA",2613,/en/results/171-ironman-maryland/all/
Ironman Louisville,10/11/2015,"Louisville, KY, USA",2573,/en/results/170-ironman-louisville/all/
Ironman Hawaii,10/10/2015,"Kona, Hawaii, USA",2304,/en/results/7-ironman-hawaii/all/
Ironman Barcelona,10/04/2015,"Barcelona, Spain",2556,/en/results/169-ironman-barcelona/all/
Ironman Chattanooga,09/27/2015,"Chattanooga, Tennessee, USA",2674,/en/results/168-ironman-chattanooga/all/
Ironman Mallorca,09/26/2015,"Alcudia, Mallorca, Spain",2323,/en/results/162-ironman-mallorca/all/
Ironman Lake Tahoe,09/20/2015,"Lake Tahoe, California",1419,/en/results/167-ironman-lake-tahoe/all/
Ironman Wisconsin,09/13/2015,"Madison, Wisconsin, USA",2990,/en/results/165-ironman-wisconsin/all/
Ironman Wales,09/13/2015,"Pembrokeshire, Wales",2030,/en/results/166-ironman-wales/all/
Ironman Muskoka,08/30/2015,"Muskoka, Ontario, Canada",1298,/en/results/163-ironman-muskoka/all/
Ironman 70.3 Zell am See,08/30/2015,"Zell am See, Austria",2738,/en/results/6-ironman-703-zell-am-see/all/
Ironman Vichy,08/30/2015,"Auvergne, France",1610,/en/results/164-ironman-vichy/all/
Ironman Copenhagen,08/23/2015,"Copenhagen, Denmark",2789,/en/results/5-ironman-copenhagen/all/
Challenge Roth,07/12/2015,"Roth, Germany",4073,/en/results/34-challenge-roth/all/
Ironman Frankfurt,07/03/2015,"Frankfurt, Germany",3054,/en/results/127-ironman-frankfurt/all/
